Hán tự (Hanzi)*,Phiên âm (Pinyin)*,Nghĩa tiếng Việt*,Cấp độ HSK (1-6)*,Chủ đề (Topic),Câu ví dụ (Example Sentence),Dịch câu ví dụ (Example Meaning)
你好,nǐ hǎo,Xin chào,1,Chào hỏi,你好，很高兴认识你。,"Xin chào, rất vui được làm quen với bạn."
谢谢,xièxie,Cảm ơn,1,Giao tiếp,谢谢你的热情帮助。,Cảm ơn sự giúp đỡ nhiệt tình của bạn.
再见,zàijiàn,Tạm biệt,1,Chào hỏi,明天学校见，再见！,"Ngày mai gặp ở trường nhé, tạm biệt!"
中国,Zhōngguó,Trung Quốc,1,Địa danh,我想去中国旅游。,Tôi muốn đi du lịch Trung Quốc.
北京,Běijīng,Bắc Kinh,1,Địa danh,北京是中国的首都。,Bắc Kinh là thủ đô của Trung Quốc.
老师,lǎoshī,Thầy/Cô giáo,1,Nghề nghiệp,王老师教我们汉语。,Thầy Vương dạy chúng tôi tiếng Hán.
学生,xuésheng,Học sinh/Sinh viên,1,Học tập,他是北京大学的学生。,Anh ấy là sinh viên Đại học Bắc Kinh.
朋友,péngyou,Bạn bè,1,Mối quan hệ,我们是好朋友。,Chúng tôi là bạn tốt của nhau.
汉语,Hànyǔ,Tiếng Trung,1,Ngôn ngữ,学习汉语很有意思。,Học tiếng Hán rất thú vị.
喜欢,xǐhuan,Thích,1,Cảm xúc,我喜欢听中文歌。,Tôi thích nghe bài hát tiếng Trung.
苹果,píngguǒ,Quả táo,2,Ẩm thực,这个苹果很甜。,Quả táo này rất ngọt.
高兴,gāoxìng,Vui vẻ,2,Cảm xúc,今天见到你我很高兴。,Hôm nay gặp bạn tôi rất vui.
咖啡,kāfēi,Cà phê,2,Đồ uống,我想喝一杯热咖啡。,Tôi muốn uống một ly cà phê nóng.
旅游,lǚyóu,Du lịch,2,Sở thích,我们打算去上海旅游。,Chúng tôi dự định đi du lịch Thượng Hải.
运动,yùndòng,Thể thao/Vận động,2,Sức khỏe,多做运动对身体好。,Tập thể dục nhiều rất tốt cho sức khỏe.
帮助,bāngzhù,Giúp đỡ,2,Giao tiếp,谢谢你经常帮助我。,Cảm ơn bạn đã thường xuyên giúp đỡ tôi.
时间,shíjiān,Thời gian,2,Đời sống,你今天有时间吗？,Hôm nay bạn có thời gian không?
天气,tiānqì,Thời tiết,2,Tự nhiên,今天天气非常好。,Thời tiết hôm nay rất đẹp.
环境,huánjìng,Môi trường,3,Xã hội,我们要保护自然环境。,Chúng ta cần bảo vệ môi trường tự nhiên.
成功,chénggōng,Thành công,3,Sự nghiệp,坚持到底就会成功。,Kiên trì đến cùng nhất định sẽ thành công.
努力,nǔlì,Nỗ lực/Chăm chỉ,3,Học tập,努力学习才能取得好成绩。,Chăm chỉ học tập mới đạt thành tích tốt.
健康,jiànkāng,Sức khỏe,3,Y tế,祝你身体健康，万事如意。,"Chúc bạn dồi dào sức khỏe, vạn sự như ý."
解决,jiějué,Giải quyết,3,Công việc,这个问题很快就解决了。,Vấn đề này đã được giải quyết nhanh chóng.
习惯,xíguàn,Thói quen,3,Đời sống,养成早起的好习惯。,Tạo thói quen tốt dậy sớm.
热情,rèqíng,Nhiệt tình,3,Tính cách,他对人非常热情。,Anh ấy đối xử với mọi người rất nhiệt tình.
积极,jījí,Tích cực,4,Thái độ,保持积极乐观的心态。,Giữ vững tâm thái tích cực và lạc quan.
精彩,jīngcǎi,Đặc sắc/Tuyệt vời,4,Đánh giá,昨天的比赛非常精彩。,Trận đấu hôm qua vô cùng đặc sắc.
责任,zérèn,Trách nhiệm,4,Đạo đức,每个人都要对自己的工作负责任。,Mỗi người đều phải có trách nhiệm với công việc của mình.
交流,jiāoliú,Giao lưu/Trao đổi,4,Giao tiếp,文化交流增进两国友谊。,Giao lưu văn hóa thắt chặt tình hữu nghị hai nước.
丰富,fēngfù,Phong phú,4,Đặc điểm,中国有丰富多彩的传统文化。,Trung Quốc có nền văn hóa truyền thống phong phú đa dạng.
